Name,Surname,Email,Password,Birthdate
Brianna,Richardson,brianna.richardson@gmail.com,gr6MZzGvp*,2001-07-30
Sandra,Davis,sandra.davis@gmail.com,09%uqG1k(T,1997-02-25
Sarah,Perez,sarah.perez@gmail.com,)0vXja336u,1985-06-11
Eric,Sanchez,eric.sanchez@gmail.com,(0EgP3@m!C,2002-05-19
Judith,Mccoy,judith.mccoy@gmail.com,)V#Isosh84,1995-04-25
Joshua,Kelly,joshua.kelly@gmail.com,A^$N7XtWgd,1986-03-06
Tammy,Moore,tammy.moore@gmail.com,z4j67T^g^8,1981-09-12
Andre,Ellis,andre.ellis@gmail.com,NDDlGVht_1,1991-07-19
Olivia,Rogers,olivia.rogers@gmail.com,cI1Ks^b8%!,1994-11-04
Jasmine,Meyer,jasmine.meyer@gmail.com,B!K9tTpJ(q,1996-09-19
Deanna,Williams,deanna.williams@gmail.com,ApUs2Itai^,2002-03-22
Nathaniel,Griffith,nathaniel.griffith@gmail.com,+a45rQM5z!,1984-07-27
Debra,Allen,debra.allen@gmail.com,oG#^A8BxSp,1984-12-21
Jack,Hancock,jack.hancock@gmail.com,blVohlWH%7,1988-03-14
Denise,Evans,denise.evans@gmail.com,#a%W7Qb25!,1997-03-19
Max,Burgess,max.burgess@gmail.com,S2L#Aps+$1,1988-07-27
Omar,Kelly,omar.kelly@gmail.com,@xCIhPdp04,1984-12-20
Andrew,Morgan,andrew.morgan@gmail.com,*!aKkhoOM2,1989-03-22
Mitchell,Ramsey,mitchell.ramsey@gmail.com,&&r6MUsek8,2004-12-15
Amanda,Reeves,amanda.reeves@gmail.com,^4M5ul3egq,2003-02-16
Ryan,Ferrell,ryan.ferrell@gmail.com,2oWDKvgF$f,1981-09-01
Justin,Lopez,justin.lopez@gmail.com,+&5CSEVx&(,2004-05-23
Richard,Kennedy,richard.kennedy@gmail.com,U+%A5xGaaL,1982-07-17
Larry,Douglas,larry.douglas@gmail.com,&nNPaAGm&8,1989-05-19
Paul,Archer,paul.archer@gmail.com,Q*6lyHIo@6,1992-12-10
Elizabeth,Holden,elizabeth.holden@gmail.com,zK9#ASwr!),1983-01-23
Johnathan,Cain,johnathan.cain@gmail.com,@QE_5%Gb9S,1994-04-20
Karina,Rhodes,karina.rhodes@gmail.com,1fyY8TEy+V,1998-08-30
Brandon,Vang,brandon.vang@gmail.com,+9I+y)d%jX,1988-06-21
Nathan,Mendez,nathan.mendez@gmail.com,+x_NA^05b7,1988-05-20
Michael,Oneill,michael.oneill@gmail.com,NnY@5HsG94,1999-05-23
Victor,Smith,victor.smith@gmail.com,g8Y)@Yz&(3,1989-11-08
Eric,Evans,eric.evans@gmail.com,e1_2SaBn$9,2004-01-30
Caitlin,Moreno,caitlin.moreno@gmail.com,aY1Rm9fN(h,1993-06-13
Cristina,Hernandez,cristina.hernandez@gmail.com,82Il7LWi%V,1991-08-15
Kathryn,Daniels,kathryn.daniels@gmail.com,5GF7(hKh_U,1990-06-26
Brandon,Smith,brandon.smith@gmail.com,+O0ZYsFj5b,1984-06-27
Miguel,Buckley,miguel.buckley@gmail.com,Q5MmNsFw!9,1983-12-05
David,Holmes,david.holmes@gmail.com,%$0sWEa2$i,1998-08-23
Aaron,Summers,aaron.summers@gmail.com,BwM@c7Tt59,1982-11-13
